<?xml version="1.0" encoding="UTF-8"?>
<beans xmlns="http://www.springframework.org/schema/beans"
       xmlns:xsi="http://www.w3.org/2001/XMLSchema-instance"
       xmlns:jaxrs="http://cxf.apache.org/jaxrs"
       xsi:schemaLocation="http://www.springframework.org/schema/beans http://www.springframework.org/schema/beans/spring-beans.xsd
       http://cxf.apache.org/jaxrs http://cxf.apache.org/schemas/jaxrs.xsd">
    <import resource="classpath:META-INF/cxf/cxf.xml"/>

    <jaxrs:server id="MfpServices" address="/financialPlan">
        <jaxrs:serviceBeans>
            <ref bean="viewPlanList"/>
            <ref bean="viewPlanDetail"/>
            <ref bean="inventoryService"/>
            <ref bean="salesService"/>
            <ref bean="financialYearService"/>
            <ref bean="channelService"/>
            <ref bean="annualService"/>
            <ref bean="aggregarionService"/>
        </jaxrs:serviceBeans>
        <jaxrs:extensionMappings>
            <entry key="json" value="application/json"/>
            <entry key="xml" value="application/xml"/>
        </jaxrs:extensionMappings>
        <jaxrs:providers>
            <ref bean="jaxbProvider"/>
            <ref bean="jsonProvider"/>
            <!--<ref bean="authenticationHandler"/>-->
        </jaxrs:providers>
        <jaxrs:invoker>
            <bean class="com.myntra.commons.invokers.CustomJAXRSInvoker"/>
        </jaxrs:invoker>
    </jaxrs:server>

    <!--<bean id="jsonProvider" class="org.apache.cxf.jaxrs.provider.json.JSONProvider" /> -->
    <bean id="jaxbProvider" class="org.apache.cxf.jaxrs.provider.JAXBElementProvider" />

    <bean id="jsonProvider" class="com.fasterxml.jackson.jaxrs.json.JacksonJsonProvider">
        <property name="mapper" ref="jacksonObjectMapper" />
    </bean>

    <bean id="jacksonObjectMapperFactory" class="com.myntra.commons.json.JacksonObjectMapperFactory" factory-method="createFactory"/>
    <bean id="jacksonObjectMapper" factory-bean="jacksonObjectMapperFactory" factory-method="getObjectMapper"/>
</beans>