<beans
        xmlns="http://www.springframework.org/schema/beans"
        xmlns:xsi="http://www.w3.org/2001/XMLSchema-instance"
        xmlns:context="http://www.springframework.org/schema/context"
        xmlns:jaxrs="http://cxf.apache.org/jaxrs"
        xmlns:cxf="http://cxf.apache.org/core"
        xmlns:jaxws="http://cxf.apache.org/jaxws"
        xmlns:p="http://www.springframework.org/schema/p"
        xmlns:aop="http://www.springframework.org/schema/aop"
        xmlns:int="http://www.springframework.org/schema/integration"
        xmlns:int-http="http://www.springframework.org/schema/integration/http"
        xsi:schemaLocation="
        http://www.springframework.org/schema/beans http://www.springframework.org/schema/beans/spring-beans.xsd
        http://www.springframework.org/schema/context http://www.springframework.org/schema/context/spring-context.xsd
        http://cxf.apache.org/jaxrs http://cxf.apache.org/schemas/jaxrs.xsd
        http://cxf.apache.org/core http://cxf.apache.org/schemas/core.xsd
        http://cxf.apache.org/jaxws http://cxf.apache.org/schemas/jaxws.xsd
        http://www.springframework.org/schema/aop http://www.springframework.org/schema/aop/spring-aop.xsd
        http://www.springframework.org/schema/integration  http://www.springframework.org/schema/integration/spring-integration.xsd
        http://www.springframework.org/schema/integration/http  http://www.springframework.org/schema/integration/http/spring-integration-http.xsd
        http://www.myntra.com/schema/mynt/http  http://www.myntra.com/schema/mynt-http.xsd"
        default-lazy-init="false">

    <import resource="classpath:META-INF/cxf/cxf.xml" />

    <cxf:bus>
        <cxf:features>
            <cxf:logging limit="5120"/>
        </cxf:features>
    </cxf:bus>
    <int:channel id="httpReplyChannel"/>
    <int:channel id="fetchOrderChannel"/>
    <int:channel id="errorChannel"/>
    <int-http:inbound-gateway id="test" request-channel="fetchOrderChannel" reply-channel="httpReplyChannel"
                              supported-methods="GET"
                              path="/test" error-channel="httpReplyChannel"/>

    <int:chain id="testOrderChain" input-channel="fetchOrderChannel" output-channel="httpReplyChannel">
        <int:service-activator expression="'Sample text message'"/>
    </int:chain>
    <!--<int:service-activator input-channel="errorChannel" output-channel="httpReplyChannel" ref="errorHandler" method="handleError"/>-->

    <bean id="simpleMessageConverter" class="org.springframework.amqp.support.converter.SimpleMessageConverter">
        <property name="createMessageIds" value="true" />
    </bean>

    <bean id="headerMapper" class="org.springframework.integration.amqp.support.DefaultAmqpHeaderMapper">
        <property name="requestHeaderNames" value="myntra-*,Authorization,trial_number,store_id,x-retry-count,originalExchange,originalRoutingkey"/>
        <property name="replyHeaderNames" value="myntra-*,Authorization,trial_number,store_id,x-retry-count,originalExchange,originalRoutingkey"/>
    </bean>

    <bean id="requestFactory"   class="org.springframework.http.client.SimpleClientHttpRequestFactory">
        <property name="connectTimeout" value="2000"/>
        <property name="readTimeout" value="10000"/>
    </bean>

    <bean id="bufferingRequestFactory" class="org.springframework.http.client.BufferingClientHttpRequestFactory">
        <constructor-arg ref="requestFactory" />
    </bean>

    <bean id="httpHeaderMapper" class="org.springframework.integration.http.support.DefaultHttpHeaderMapper">
        <property name="inboundHeaderNames" value="authorization,Authorization,Accept,Content-Type,Accept-Language,original-auth,claim_check_id,orderId,STAGE,releaseId,user,x-retry-count"/>
        <property name="outboundHeaderNames" value="authorization,Authorization,Accept,Content-Type,Accept-Language,original-auth,claim_check_id,orderId,STAGE,releaseId,user,x-retry-count"/>
        <property name="userDefinedHeaderPrefix" value="" />
    </bean>

    </beans>