<?xml version="1.0" encoding="UTF-8"?>

<!--~~~~~~~~~~~~~~~~~~~~~~~~~~~~~~~~~~~~~~~~~~~~~~~~~~~~~~~~~~~~~~~~~~~~~~~~~~~~
  ~ /**
  ~  * Copyright (c) 2011, Myntra and/or its affiliates. All rights reserved. MYNTRA
  ~  * PROPRIETARY/CONFIDENTIAL. Use is subject to license terms.
  ~  */
  ~~~~~~~~~~~~~~~~~~~~~~~~~~~~~~~~~~~~~~~~~~~~~~~~~~~~~~~~~~~~~~~~~~~~~~~~~~~-->

<beans
        xmlns="http://www.springframework.org/schema/beans"
        xmlns:xsi="http://www.w3.org/2001/XMLSchema-instance"
        xmlns:tx="http://www.springframework.org/schema/tx"
        xsi:schemaLocation="http://www.springframework.org/schema/beans http://www.springframework.org/schema/beans/spring-beans.xsd
        http://www.springframework.org/schema/tx http://www.springframework.org/schema/tx/spring-tx.xsd"
        default-lazy-init="false">

    <tx:annotation-driven transaction-manager="transactionManager"/>


    <bean id="propertyConfigurer" class="org.springframework.beans.factory.config.PropertyPlaceholderConfigurer">
        <property name="location" value="file:${catalina.base}/conf/mfp-service-dbconfig.properties"/>
        <property name="ignoreUnresolvablePlaceholders" value="true"/>
    </bean>


    <!--READ VAULT CREDENTIALS-->

    <bean id="mysqlReadCredentialProviderConfig" class="com.myntra.commons.credentialsprovider.CredentialsProviderConfig">
        <property name="providerType" value="${read.jdbc.credentialtype}"/>
        <property name="staticUsername" value="${read.jdbc.username}" />
        <property name="staticPassword" value="${read.jdbc.password}" />
        <property name="vaultBinaryPath" value="${vault.binary}" />
        <property name="vaultServiceName" value="${vault.appname}" />
        <property name="vaultCredentialName" value="${read.jdbc.vault.credentialname}" />
    </bean>

    <bean id="mysqlReadCredentialsProvider" class="com.myntra.commons.credentialsprovider.CredentialsProviderFactory">
        <property name="config" ref="mysqlReadCredentialProviderConfig" />
    </bean>

    <bean id="mysqlReadCredentials" class="com.myntra.commons.credentialsprovider.Credentials" factory-bean="mysqlReadCredentialsProvider" factory-method="getCredentials" />

    <bean id="readDataSource" class="com.zaxxer.hikari.HikariDataSource" destroy-method="shutdown">
        <property name="dataSourceClassName" value="${read.jdbc.datasource}"/>
        <property name="username" value="#{mysqlReadCredentials.getCredentialId()}"/>
        <property name="password" value="#{mysqlReadCredentials.getCredentialSecret()}"/>
        <property name="idleTimeout" value="10000"/>
        <property name="maximumPoolSize" value="${read.jdbc.maxconnections}"/>
        <property name="connectionTimeout" value="30000"/>
        <property name="validationTimeout" value="5000"/>
        <property name="initializationFailFast" value="true"/>
        <property name="maxLifetime" value="1800000"/>
        <property name="dataSourceProperties">
            <props>
                <prop key="serverName">${read.jdbc.host}</prop>
                <prop key="port">${read.jdbc.port}</prop>
                <prop key="databaseName">${read.jdbc.database}</prop>
            </props>
        </property>
    </bean>


    <!--WRITE VAULT CREDENTIALS-->

    <bean id="mysqlWriteCredentialProviderConfig" class="com.myntra.commons.credentialsprovider.CredentialsProviderConfig">
        <property name="providerType" value="${write.jdbc.credentialtype}"/>
        <property name="staticUsername" value="${write.jdbc.username}" />
        <property name="staticPassword" value="${write.jdbc.password}" />
        <property name="vaultBinaryPath" value="${vault.binary}" />
        <property name="vaultServiceName" value="${vault.appname}" />
        <property name="vaultCredentialName" value="${write.jdbc.vault.credentialname}" />
    </bean>

    <bean id="mysqlWriteCredentialsProvider" class="com.myntra.commons.credentialsprovider.CredentialsProviderFactory">
        <property name="config" ref="mysqlReadCredentialProviderConfig" />
    </bean>

    <bean id="mysqlWriteCredentials" class="com.myntra.commons.credentialsprovider.Credentials" factory-bean="mysqlWriteCredentialsProvider" factory-method="getCredentials" />

    <bean id="writeDataSource" class="com.zaxxer.hikari.HikariDataSource" destroy-method="shutdown">
        <property name="dataSourceClassName" value="${write.jdbc.datasource}"/>
        <property name="username" value="#{mysqlWriteCredentials.getCredentialId()}"/>
        <property name="password" value="#{mysqlWriteCredentials.getCredentialSecret()}"/>
        <property name="idleTimeout" value="10000"/>
        <property name="maximumPoolSize" value="${write.jdbc.maxconnections}"/>
        <property name="connectionTimeout" value="30000"/>
        <property name="validationTimeout" value="5000"/>
        <property name="initializationFailFast" value="true"/>
        <property name="maxLifetime" value="1800000"/>
        <property name="dataSourceProperties">
            <props>
                <prop key="serverName">${write.jdbc.host}</prop>
                <prop key="port">${write.jdbc.port}</prop>
                <prop key="databaseName">${write.jdbc.database}</prop>
            </props>
        </property>
    </bean>

    <bean id="dataSource" class="com.myntra.commons.dao.impl.MasterSlaveRoutingDataSource">
        <property name="targetDataSources">
            <map>
                <entry key="master" value-ref="writeDataSource"/>
                <entry key="slave" value-ref="readDataSource"/>
            </map>
        </property>
        <property name="defaultTargetDataSource" ref="writeDataSource"/>
    </bean>

    <bean id="entityManagerFactory" name="entityManagerFactory" class="org.springframework.orm.jpa.LocalContainerEntityManagerFactoryBean">
        <property name="persistenceUnitName" value="mfp-jpa"/>
        <property name="persistenceXmlLocation" value="classpath*:META-INF/persistence.xml"/>
        <property name="dataSource" ref="dataSource"/>
        <property name="jpaDialect">
            <bean class="org.springframework.orm.jpa.vendor.HibernateJpaDialect"/>
        </property>
        <property name="jpaVendorAdapter">
            <bean class="org.springframework.orm.jpa.vendor.HibernateJpaVendorAdapter">
                <property name="showSql" value="false"/>
                <property name="generateDdl" value="false"/>
                <property name="databasePlatform" value="org.hibernate.dialect.MySQLDialect"/>
                <property name="database" value="MYSQL"/>
            </bean>
        </property>
    </bean>

    <bean id="transactionManager" class="org.springframework.orm.jpa.JpaTransactionManager">
        <property name="entityManagerFactory" ref="entityManagerFactory"/>
        <property name="dataSource" ref="dataSource"/>
    </bean>

    <bean id="org.springframework.context.annotation.internalPersistenceAnnotationProcessor" class="org.springframework.orm.jpa.support.PersistenceAnnotationBeanPostProcessor">
        <property name="defaultPersistenceUnitName" value="mfp-jpa"/>
    </bean>
</beans>